Category,Module Coverage,File Format,Status
Participant Workbooks,All 27 Modules,PDF,✅ Completed
Facilitator Guides,All 27 Modules,PDF,✅ Completed
Quizzes & Assessments,All 27 Modules,PDF,✅ Completed
PowerPoint Slides,All 27 Modules,PPTX,✅ Completed
Instructor Training Guide,Full Instructor Training,PDF,✅ Completed
Instructor Certification Criteria,Instructor Certification Criteria,PDF,✅ Completed
Instructor Competency Assessment,Instructor Competency Evaluation,PDF,✅ Completed
Interactive Quizzes,Business Communication Mastery,PDF,✅ Completed
Case Studies,Business Communication Scenarios,PDF,✅ Completed
Practical Exercises,"Role-plays, Discussions & Applications",PDF,✅ Completed
Course Evaluation Form,Overall Course Feedback,PDF,✅ Completed
